Hashtable size,Load,Average time to search,Average number of comparisons,Instance 0, <- ,Instance 1, <- ,Instance 2, <- ,Instance 3, <- ,Instance 4, <- ,Instance 5, <- ,Instance 6, <- ,Instance 7, <- ,Instance 8, <- ,Instance 9, <- ,Instance 10, <- ,Instance 11, <- ,Instance 12, <- ,Instance 13, <- ,Instance 14, <- ,Instance 15, <- ,Instance 16, <- ,Instance 17, <- ,Instance 18, <- ,Instance 19, <- ,Instance 20, <- ,Instance 21, <- ,Instance 22, <- ,Instance 23, <- ,Instance 24, <- ,Instance 25, <- ,Instance 26, <- ,Instance 27, <- ,Instance 28, <- ,Instance 29, <- ,Instance 30, <- ,Instance 31, <- ,Instance 32, <- ,Instance 33, <- ,Instance 34, <- ,Instance 35, <- ,Instance 36, <- ,Instance 37, <- ,Instance 38, <- ,Instance 39, <- ,Instance 40, <- ,Instance 41, <- ,Instance 42, <- ,Instance 43, <- ,Instance 44, <- ,Instance 45, <- ,Instance 46, <- ,Instance 47, <- ,Instance 48, <- ,Instance 49, <- ,Instance 50, <- ,Instance 51, <- ,Instance 52, <- ,Instance 53, <- ,Instance 54, <- ,Instance 55, <- ,Instance 56, <- ,Instance 57, <- ,Instance 58, <- ,Instance 59, <- ,
23,60.0,4011.45,35.88,5560.0,53.0,5560.0,53.0,5560.0,53.0,5987.0,53.0,5987.0,55.0,5987.0,55.0,5987.0,55.0,5987.0,56.0,5987.0,56.0,5987.0,56.0,5987.0,56.0,5987.0,56.0,5987.0,56.0,5987.0,56.0,5987.0,56.0,5987.0,56.0,5987.0,56.0,5988.0,56.0,6415.0,56.0,6415.0,57.0,6415.0,57.0,6415.0,57.0,6415.0,57.0,6415.0,58.0,6415.0,58.0,6415.0,58.0,6415.0,58.0,6415.0,58.0,6415.0,58.0,6842.0,58.0,6842.0,58.0,6842.0,60.0,6842.0,60.0,6842.0,60.0,6842.0,60.0,6843.0,60.0,6843.0,60.0,6843.0,60.0,6843.0,60.0,6843.0,62.0,6843.0,62.0,7270.0,62.0,7270.0,64.0,7270.0,64.0,7270.0,64.0,7270.0,64.0,7270.0,64.0,7270.0,64.0,7271.0,64.0,7271.0,66.0,7271.0,66.0,7697.0,66.0,7698.0,66.0,7698.0,67.0,7698.0,67.0,7698.0,67.0,7698.0,67.0,7698.0,67.0,7698.0,67.0,7698.0,67.0
29,60.0,7235.88,35.38,9409.0,52.0,9409.0,52.0,9836.0,52.0,9836.0,52.0,9836.0,54.0,9836.0,54.0,9836.0,54.0,9836.0,54.0,9836.0,54.0,10263.0,54.0,10263.0,54.0,10264.0,54.0,10691.0,54.0,10691.0,54.0,10691.0,54.0,10691.0,54.0,10692.0,56.0,11118.0,56.0,11119.0,56.0,11119.0,56.0,11119.0,56.0,11119.0,56.0,11119.0,56.0,11546.0,56.0,11546.0,57.0,11546.0,58.0,11547.0,58.0,11547.0,58.0,11547.0,58.0,11974.0,59.0,11974.0,59.0,11974.0,59.0,11974.0,59.0,11975.0,59.0,11975.0,59.0,11975.0,61.0,12402.0,61.0,12402.0,61.0,12402.0,61.0,12402.0,63.0,12830.0,63.0,12830.0,63.0,12830.0,63.0,12830.0,63.0,13258.0,63.0,13685.0,63.0,14112.0,64.0,14112.0,64.0,14112.0,64.0,14112.0,64.0,14113.0,64.0,14113.0,64.0,14540.0,64.0,14540.0,64.0,14541.0,64.0,14967.0,65.0,14967.0,66.0,14968.0,66.0,14968.0,66.0,15823.0,67.0
31,60.0,3357.04,35.79,4277.0,53.0,4277.0,53.0,4277.0,53.0,4277.0,56.0,4277.0,56.0,4704.0,56.0,4704.0,56.0,4704.0,56.0,4704.0,57.0,4704.0,57.0,4704.0,57.0,4704.0,57.0,4704.0,57.0,4704.0,57.0,5131.0,57.0,5131.0,57.0,5131.0,57.0,5132.0,57.0,5132.0,58.0,5132.0,58.0,5132.0,58.0,5132.0,58.0,5132.0,58.0,5132.0,58.0,5132.0,58.0,5132.0,58.0,5132.0,58.0,5132.0,59.0,5132.0,59.0,5559.0,59.0,5559.0,59.0,5559.0,59.0,5559.0,59.0,5560.0,59.0,5987.0,59.0,5987.0,59.0,5987.0,59.0,5987.0,59.0,5987.0,59.0,5987.0,59.0,5987.0,60.0,5987.0,60.0,5987.0,60.0,5987.0,60.0,5988.0,60.0,6415.0,63.0,6415.0,63.0,6415.0,63.0,6415.0,63.0,6415.0,63.0,6415.0,65.0,6415.0,66.0,6842.0,66.0,6842.0,66.0,6842.0,66.0,6842.0,67.0,6842.0,67.0,6843.0,67.0,7697.0,68.0,7697.0,68.0
37,60.0,2843.88,36.19,3849.0,54.0,3849.0,54.0,3849.0,54.0,3849.0,54.0,4276.0,55.0,4276.0,55.0,4276.0,55.0,4276.0,55.0,4276.0,55.0,4276.0,56.0,4276.0,56.0,4276.0,56.0,4276.0,56.0,4277.0,56.0,4277.0,57.0,4277.0,57.0,4277.0,57.0,4277.0,58.0,4277.0,58.0,4277.0,58.0,4277.0,58.0,4277.0,58.0,4277.0,60.0,4277.0,60.0,4277.0,60.0,4704.0,60.0,4704.0,60.0,4704.0,60.0,4704.0,60.0,4704.0,60.0,4704.0,60.0,4704.0,60.0,4704.0,62.0,4704.0,62.0,4704.0,62.0,4704.0,62.0,4704.0,62.0,4704.0,62.0,4705.0,63.0,5131.0,63.0,5131.0,63.0,5132.0,63.0,5132.0,63.0,5132.0,63.0,5132.0,63.0,5132.0,63.0,5132.0,64.0,5132.0,64.0,5559.0,64.0,5559.0,64.0,5559.0,65.0,5559.0,65.0,5559.0,65.0,5559.0,65.0,5560.0,65.0,5560.0,66.0,5560.0,66.0,5560.0,66.0,5560.0,66.0,5987.0,66.0
41,60.0,2848.19,36.13,3849.0,55.0,3849.0,55.0,3849.0,55.0,3849.0,55.0,3849.0,55.0,3849.0,55.0,4276.0,57.0,4276.0,57.0,4276.0,57.0,4276.0,57.0,4276.0,57.0,4276.0,57.0,4276.0,58.0,4276.0,58.0,4276.0,58.0,4277.0,58.0,4277.0,58.0,4277.0,58.0,4277.0,58.0,4277.0,58.0,4277.0,58.0,4277.0,58.0,4277.0,58.0,4277.0,58.0,4277.0,58.0,4704.0,58.0,4704.0,59.0,4704.0,59.0,4704.0,59.0,4704.0,59.0,4704.0,59.0,4704.0,60.0,4705.0,60.0,4705.0,61.0,4705.0,61.0,5131.0,62.0,5131.0,62.0,5132.0,62.0,5132.0,62.0,5132.0,63.0,5132.0,63.0,5132.0,63.0,5132.0,63.0,5132.0,63.0,5132.0,63.0,5132.0,63.0,5132.0,63.0,5132.0,63.0,5559.0,63.0,5559.0,64.0,5559.0,65.0,5559.0,65.0,5559.0,65.0,5559.0,65.0,5560.0,65.0,5560.0,65.0,5560.0,65.0,5560.0,65.0,5560.0,65.0,5560.0,65.0
43,60.0,2617.26,35.59,3849.0,51.0,3849.0,52.0,3849.0,54.0,3849.0,54.0,3849.0,54.0,3849.0,54.0,3849.0,54.0,3849.0,54.0,3849.0,54.0,3849.0,54.0,3849.0,54.0,3849.0,54.0,3849.0,54.0,3849.0,55.0,3849.0,55.0,3849.0,57.0,3849.0,57.0,3849.0,57.0,3849.0,57.0,3849.0,57.0,3849.0,57.0,3849.0,57.0,4276.0,58.0,4276.0,59.0,4276.0,59.0,4276.0,59.0,4276.0,59.0,4276.0,59.0,4276.0,59.0,4276.0,59.0,4277.0,59.0,4277.0,60.0,4277.0,60.0,4277.0,60.0,4277.0,60.0,4277.0,60.0,4277.0,60.0,4704.0,60.0,4704.0,61.0,4704.0,61.0,4704.0,61.0,4704.0,61.0,4704.0,61.0,4704.0,61.0,4704.0,61.0,4704.0,62.0,4704.0,62.0,4704.0,62.0,4705.0,64.0,4705.0,64.0,5132.0,65.0,5132.0,65.0,5132.0,65.0,5132.0,66.0,5132.0,66.0,5132.0,67.0,5132.0,67.0,5132.0,67.0,5132.0,67.0,5559.0,67.0
47,60.0,2929.4,36.41,4276.0,51.0,4276.0,53.0,4276.0,54.0,4276.0,54.0,4276.0,54.0,4276.0,54.0,4276.0,54.0,4276.0,55.0,4276.0,55.0,4276.0,55.0,4276.0,56.0,4276.0,56.0,4277.0,56.0,4277.0,56.0,4277.0,56.0,4277.0,57.0,4277.0,57.0,4277.0,57.0,4277.0,58.0,4277.0,58.0,4277.0,58.0,4277.0,58.0,4704.0,58.0,4704.0,59.0,4704.0,59.0,4704.0,60.0,4704.0,60.0,4704.0,60.0,4704.0,60.0,4704.0,61.0,4705.0,61.0,5131.0,61.0,5131.0,61.0,5131.0,61.0,5132.0,61.0,5132.0,61.0,5132.0,62.0,5132.0,62.0,5132.0,63.0,5132.0,63.0,5132.0,63.0,5132.0,64.0,5132.0,64.0,5132.0,64.0,5132.0,64.0,5132.0,65.0,5132.0,65.0,5559.0,65.0,5559.0,65.0,5559.0,65.0,5560.0,67.0,5560.0,67.0,5560.0,68.0,5560.0,68.0,5560.0,68.0,5987.0,68.0,5987.0,69.0,5987.0,69.0,5987.0,69.0,5987.0,69.0
53,60.0,2484.67,36.38,3848.0,54.0,3848.0,54.0,3848.0,55.0,3849.0,56.0,3849.0,56.0,3849.0,56.0,3849.0,56.0,3849.0,56.0,3849.0,57.0,3849.0,57.0,3849.0,58.0,3849.0,58.0,3849.0,58.0,3849.0,58.0,3849.0,58.0,3849.0,59.0,3849.0,59.0,3849.0,59.0,3849.0,59.0,3849.0,59.0,3849.0,59.0,3849.0,59.0,3849.0,60.0,3849.0,60.0,3849.0,60.0,3849.0,60.0,3849.0,60.0,3849.0,60.0,3849.0,60.0,3849.0,61.0,3849.0,61.0,3849.0,61.0,3849.0,61.0,3849.0,61.0,3849.0,61.0,3849.0,61.0,3849.0,61.0,4276.0,61.0,4276.0,62.0,4276.0,62.0,4276.0,63.0,4276.0,63.0,4276.0,63.0,4276.0,63.0,4276.0,63.0,4277.0,64.0,4277.0,64.0,4277.0,64.0,4277.0,64.0,4277.0,64.0,4704.0,65.0,4704.0,65.0,5132.0,65.0,5132.0,65.0,5132.0,65.0,5132.0,65.0,5132.0,65.0,5132.0,65.0,5132.0,65.0,5132.0,65.0
59,60.0,5833.2,35.58,8126.0,54.0,8126.0,55.0,8553.0,55.0,8553.0,55.0,8553.0,55.0,8553.0,56.0,8553.0,56.0,8553.0,56.0,8980.0,56.0,8980.0,56.0,8981.0,56.0,8981.0,56.0,8981.0,56.0,8981.0,57.0,8981.0,57.0,8981.0,57.0,8981.0,57.0,9408.0,57.0,9408.0,57.0,9408.0,57.0,9408.0,57.0,9408.0,57.0,9408.0,58.0,9409.0,58.0,9409.0,59.0,9409.0,59.0,9409.0,59.0,9836.0,59.0,9836.0,59.0,9836.0,59.0,9836.0,59.0,9836.0,59.0,9836.0,59.0,9836.0,59.0,9836.0,59.0,9836.0,59.0,10263.0,59.0,10263.0,59.0,10263.0,59.0,10263.0,60.0,10263.0,60.0,10263.0,60.0,10264.0,61.0,10264.0,62.0,10264.0,62.0,10264.0,62.0,10691.0,62.0,10691.0,62.0,10691.0,62.0,10691.0,62.0,10691.0,62.0,10691.0,63.0,10691.0,64.0,10692.0,64.0,10692.0,64.0,10692.0,66.0,10692.0,66.0,10692.0,66.0,10692.0,66.0,10692.0,66.0
61,60.0,3224.49,35.28,4277.0,53.0,4277.0,54.0,4277.0,54.0,4277.0,54.0,4704.0,54.0,4704.0,54.0,4704.0,54.0,4704.0,54.0,4704.0,55.0,4704.0,55.0,4704.0,55.0,4704.0,55.0,4704.0,56.0,4705.0,56.0,5131.0,56.0,5132.0,56.0,5132.0,56.0,5132.0,56.0,5132.0,56.0,5132.0,56.0,5132.0,56.0,5132.0,56.0,5132.0,56.0,5132.0,57.0,5132.0,57.0,5132.0,57.0,5559.0,57.0,5559.0,58.0,5559.0,58.0,5559.0,59.0,5559.0,59.0,5559.0,59.0,5559.0,59.0,5559.0,59.0,5559.0,59.0,5559.0,60.0,5559.0,60.0,5560.0,60.0,5560.0,60.0,5560.0,60.0,5560.0,61.0,5560.0,61.0,5560.0,62.0,5987.0,62.0,5987.0,62.0,5987.0,63.0,5987.0,63.0,5987.0,63.0,5987.0,63.0,5987.0,63.0,5987.0,63.0,5987.0,63.0,5987.0,63.0,5987.0,64.0,5987.0,64.0,5987.0,64.0,5987.0,64.0,5988.0,65.0,5988.0,65.0,6414.0,65.0
67,60.0,3173.22,36.8,4277.0,56.0,4277.0,57.0,4277.0,57.0,4277.0,57.0,4277.0,57.0,4277.0,57.0,4277.0,57.0,4704.0,57.0,4704.0,58.0,4704.0,58.0,4704.0,58.0,4704.0,58.0,4704.0,58.0,4704.0,58.0,4705.0,59.0,4705.0,59.0,4705.0,59.0,5131.0,59.0,5131.0,60.0,5131.0,60.0,5132.0,60.0,5132.0,60.0,5132.0,60.0,5132.0,61.0,5132.0,61.0,5132.0,61.0,5132.0,61.0,5132.0,61.0,5132.0,61.0,5132.0,61.0,5132.0,62.0,5132.0,62.0,5132.0,62.0,5559.0,62.0,5559.0,62.0,5559.0,63.0,5559.0,63.0,5559.0,63.0,5559.0,63.0,5560.0,63.0,5560.0,63.0,5560.0,64.0,5560.0,64.0,5560.0,64.0,5560.0,64.0,5560.0,64.0,5987.0,64.0,5987.0,64.0,5987.0,64.0,5987.0,64.0,5987.0,64.0,5987.0,64.0,5987.0,65.0,5987.0,65.0,5988.0,65.0,6414.0,65.0,6414.0,65.0,6415.0,65.0,6415.0,66.0,6415.0,66.0
71,60.0,9686.37,36.0,11119.0,54.0,11119.0,54.0,11119.0,54.0,11119.0,54.0,11119.0,55.0,11546.0,55.0,11547.0,55.0,11547.0,55.0,11547.0,55.0,11974.0,55.0,13257.0,55.0,13257.0,55.0,13258.0,56.0,13258.0,57.0,13685.0,57.0,14113.0,57.0,14540.0,57.0,14540.0,57.0,14968.0,57.0,14968.0,57.0,15395.0,57.0,15395.0,58.0,15395.0,58.0,15396.0,58.0,15396.0,58.0,15823.0,58.0,15823.0,59.0,15823.0,59.0,15823.0,59.0,15824.0,59.0,16251.0,59.0,16251.0,59.0,16678.0,60.0,16679.0,60.0,17106.0,61.0,17106.0,62.0,17106.0,62.0,17106.0,62.0,17106.0,62.0,17534.0,62.0,17534.0,63.0,17534.0,63.0,17534.0,64.0,17961.0,64.0,17961.0,64.0,18389.0,64.0,18389.0,64.0,18389.0,64.0,18389.0,65.0,18816.0,65.0,19244.0,65.0,19245.0,65.0,20100.0,65.0,20528.0,65.0,20955.0,65.0,21383.0,65.0,21810.0,65.0,21811.0,66.0,21811.0,68.0,22238.0,68.0
73,60.0,2548.89,35.2,3849.0,52.0,3849.0,52.0,3849.0,52.0,3849.0,52.0,3849.0,53.0,3849.0,53.0,3849.0,53.0,3849.0,53.0,3849.0,53.0,3849.0,53.0,3849.0,55.0,3849.0,55.0,3849.0,55.0,3849.0,55.0,3849.0,55.0,3849.0,55.0,3849.0,56.0,3849.0,56.0,3849.0,56.0,3849.0,56.0,3849.0,56.0,3849.0,56.0,3849.0,56.0,3849.0,57.0,4276.0,57.0,4276.0,57.0,4276.0,58.0,4276.0,58.0,4276.0,58.0,4276.0,58.0,4277.0,58.0,4277.0,59.0,4277.0,60.0,4277.0,60.0,4277.0,60.0,4277.0,60.0,4277.0,61.0,4277.0,61.0,4277.0,61.0,4277.0,61.0,4277.0,61.0,4704.0,61.0,4704.0,61.0,4704.0,61.0,4704.0,61.0,4704.0,61.0,4704.0,61.0,4704.0,61.0,4704.0,62.0,4704.0,62.0,4704.0,64.0,4704.0,64.0,4705.0,65.0,4705.0,66.0,4705.0,66.0,4705.0,66.0,4705.0,66.0,4705.0,66.0,4705.0,66.0,5131.0,67.0
79,60.0,3438.41,34.87,4704.0,51.0,4704.0,51.0,4704.0,52.0,4704.0,52.0,4704.0,52.0,4704.0,52.0,4705.0,53.0,4705.0,53.0,5132.0,54.0,5132.0,54.0,5132.0,54.0,5132.0,54.0,5132.0,54.0,5132.0,55.0,5132.0,55.0,5132.0,55.0,5132.0,56.0,5132.0,57.0,5559.0,57.0,5559.0,57.0,5559.0,57.0,5559.0,57.0,5559.0,57.0,5559.0,57.0,5559.0,57.0,5560.0,58.0,5560.0,58.0,5560.0,58.0,5560.0,58.0,5560.0,58.0,5560.0,59.0,5560.0,59.0,5560.0,59.0,5987.0,59.0,5987.0,59.0,5987.0,59.0,5987.0,59.0,5988.0,59.0,5988.0,59.0,5988.0,59.0,5988.0,59.0,5988.0,60.0,5988.0,60.0,6414.0,61.0,6414.0,61.0,6415.0,61.0,6415.0,62.0,6415.0,62.0,6415.0,62.0,6415.0,62.0,6415.0,62.0,6415.0,63.0,6415.0,63.0,6415.0,63.0,6842.0,63.0,6842.0,63.0,6842.0,64.0,6843.0,64.0,6843.0,64.0,6843.0,65.0
83,60.0,2997.87,36.19,4277.0,55.0,4277.0,55.0,4277.0,56.0,4277.0,56.0,4277.0,56.0,4277.0,56.0,4277.0,56.0,4277.0,56.0,4704.0,56.0,4704.0,56.0,4704.0,56.0,4704.0,56.0,4704.0,56.0,4704.0,57.0,4704.0,57.0,4704.0,57.0,4704.0,57.0,4704.0,57.0,4704.0,57.0,4704.0,58.0,4704.0,58.0,4704.0,58.0,4704.0,59.0,4705.0,59.0,4705.0,59.0,5131.0,60.0,5131.0,60.0,5131.0,60.0,5131.0,61.0,5132.0,61.0,5132.0,61.0,5132.0,61.0,5132.0,61.0,5132.0,61.0,5132.0,61.0,5132.0,62.0,5132.0,62.0,5132.0,62.0,5132.0,62.0,5132.0,62.0,5132.0,63.0,5132.0,63.0,5132.0,63.0,5132.0,63.0,5132.0,64.0,5132.0,64.0,5559.0,64.0,5559.0,64.0,5559.0,64.0,5559.0,64.0,5559.0,64.0,5559.0,64.0,5559.0,64.0,5560.0,64.0,5560.0,64.0,5560.0,64.0,5560.0,64.0,5560.0,66.0,5560.0,66.0,5560.0,67.0
89,60.0,3716.34,35.89,5132.0,55.0,5132.0,56.0,5132.0,56.0,5132.0,56.0,5559.0,56.0,5559.0,56.0,5559.0,57.0,5559.0,57.0,5560.0,57.0,5560.0,57.0,5560.0,57.0,5560.0,57.0,5560.0,57.0,5560.0,57.0,5987.0,57.0,5987.0,57.0,5987.0,57.0,5987.0,58.0,5987.0,58.0,5987.0,58.0,5987.0,59.0,5987.0,59.0,5987.0,59.0,5987.0,59.0,5987.0,59.0,5987.0,59.0,5987.0,59.0,5987.0,59.0,5988.0,59.0,5988.0,59.0,6414.0,59.0,6415.0,60.0,6415.0,60.0,6415.0,60.0,6415.0,60.0,6415.0,60.0,6415.0,61.0,6415.0,61.0,6415.0,61.0,6415.0,61.0,6415.0,61.0,6415.0,61.0,6415.0,61.0,6415.0,62.0,6842.0,62.0,6842.0,62.0,6842.0,63.0,6842.0,63.0,6842.0,63.0,6842.0,63.0,6842.0,63.0,6842.0,63.0,6843.0,63.0,6843.0,63.0,6843.0,63.0,6843.0,64.0,6843.0,65.0,6843.0,65.0,6843.0,65.0,7270.0,65.0
97,60.0,2698.48,35.52,3849.0,54.0,3849.0,54.0,3849.0,54.0,3849.0,54.0,3849.0,54.0,3849.0,54.0,3849.0,55.0,3849.0,55.0,3849.0,55.0,3849.0,55.0,3849.0,56.0,3849.0,56.0,4276.0,56.0,4276.0,56.0,4276.0,56.0,4276.0,56.0,4276.0,56.0,4276.0,57.0,4276.0,57.0,4276.0,57.0,4276.0,57.0,4276.0,58.0,4276.0,58.0,4276.0,58.0,4277.0,58.0,4277.0,58.0,4277.0,58.0,4277.0,58.0,4277.0,59.0,4277.0,59.0,4277.0,59.0,4277.0,60.0,4277.0,61.0,4704.0,61.0,4704.0,61.0,4704.0,61.0,4704.0,61.0,4704.0,61.0,4704.0,62.0,4704.0,62.0,4704.0,62.0,4704.0,62.0,4704.0,62.0,4704.0,62.0,4705.0,62.0,4705.0,62.0,5131.0,62.0,5132.0,63.0,5132.0,63.0,5132.0,63.0,5132.0,63.0,5132.0,63.0,5132.0,63.0,5132.0,63.0,5132.0,63.0,5132.0,63.0,5132.0,63.0,5132.0,63.0,5559.0,64.0,5559.0,64.0
101,60.0,3215.96,36.95,4277.0,56.0,4277.0,56.0,4277.0,56.0,4704.0,56.0,4704.0,57.0,4704.0,57.0,4704.0,57.0,4704.0,57.0,4704.0,57.0,4704.0,57.0,4704.0,57.0,4704.0,57.0,4704.0,58.0,4705.0,58.0,5131.0,58.0,5132.0,58.0,5132.0,58.0,5132.0,58.0,5132.0,58.0,5132.0,60.0,5132.0,60.0,5132.0,60.0,5132.0,60.0,5132.0,60.0,5132.0,60.0,5132.0,60.0,5132.0,60.0,5559.0,60.0,5559.0,60.0,5559.0,60.0,5559.0,61.0,5559.0,62.0,5559.0,63.0,5559.0,63.0,5559.0,63.0,5559.0,63.0,5560.0,63.0,5560.0,64.0,5560.0,64.0,5560.0,64.0,5560.0,65.0,5560.0,65.0,5560.0,65.0,5560.0,65.0,5560.0,65.0,5987.0,66.0,5987.0,66.0,5987.0,66.0,5987.0,66.0,5987.0,66.0,5987.0,66.0,5987.0,66.0,5987.0,66.0,5987.0,66.0,5987.0,66.0,5987.0,66.0,5987.0,67.0,5988.0,67.0,5988.0,67.0,6414.0,67.0
103,60.0,2989.27,36.28,3849.0,55.0,3849.0,55.0,3849.0,56.0,3849.0,56.0,3849.0,56.0,3849.0,56.0,3849.0,56.0,3849.0,56.0,3849.0,56.0,4276.0,56.0,4276.0,57.0,4276.0,57.0,4276.0,57.0,4276.0,57.0,4276.0,57.0,4276.0,57.0,4277.0,58.0,4277.0,58.0,4277.0,58.0,4277.0,58.0,4704.0,58.0,4704.0,59.0,4704.0,59.0,4704.0,59.0,4704.0,59.0,4704.0,60.0,4704.0,60.0,4704.0,60.0,5132.0,60.0,5132.0,60.0,5132.0,60.0,5132.0,60.0,5132.0,60.0,5132.0,61.0,5132.0,61.0,5559.0,61.0,5559.0,61.0,5559.0,61.0,5559.0,62.0,5559.0,62.0,5559.0,63.0,5559.0,63.0,5559.0,64.0,5559.0,64.0,5559.0,64.0,5560.0,64.0,5560.0,64.0,5560.0,65.0,5560.0,65.0,5987.0,65.0,5987.0,65.0,5987.0,65.0,5987.0,65.0,5987.0,65.0,5987.0,65.0,5987.0,65.0,5987.0,65.0,5988.0,65.0,5988.0,66.0,5988.0,66.0
107,60.0,2775.48,35.45,3849.0,54.0,3849.0,55.0,3849.0,55.0,3849.0,55.0,3849.0,55.0,3849.0,55.0,3849.0,55.0,3849.0,56.0,3849.0,56.0,3849.0,56.0,4276.0,56.0,4276.0,57.0,4276.0,57.0,4276.0,57.0,4276.0,57.0,4276.0,57.0,4276.0,57.0,4276.0,57.0,4277.0,57.0,4277.0,57.0,4277.0,57.0,4277.0,58.0,4277.0,58.0,4277.0,58.0,4277.0,58.0,4277.0,58.0,4277.0,59.0,4704.0,59.0,4704.0,59.0,4704.0,59.0,4704.0,59.0,4704.0,59.0,4704.0,59.0,4704.0,59.0,4704.0,59.0,4704.0,60.0,4704.0,60.0,4705.0,60.0,4705.0,60.0,4705.0,60.0,5132.0,60.0,5132.0,61.0,5132.0,61.0,5132.0,61.0,5132.0,61.0,5132.0,61.0,5132.0,61.0,5132.0,61.0,5132.0,61.0,5132.0,62.0,5132.0,62.0,5132.0,63.0,5132.0,63.0,5132.0,63.0,5559.0,63.0,5559.0,63.0,5559.0,63.0,5559.0,64.0,5559.0,66.0,5559.0,66.0
109,60.0,2664.31,35.72,3849.0,52.0,3849.0,52.0,3849.0,53.0,3849.0,54.0,3849.0,54.0,3849.0,54.0,3849.0,54.0,3849.0,55.0,3849.0,55.0,3849.0,56.0,3849.0,56.0,3849.0,57.0,3849.0,57.0,3849.0,57.0,3849.0,57.0,3849.0,57.0,4276.0,57.0,4276.0,57.0,4276.0,57.0,4276.0,57.0,4276.0,57.0,4276.0,57.0,4276.0,57.0,4277.0,57.0,4277.0,58.0,4277.0,58.0,4277.0,58.0,4277.0,59.0,4277.0,59.0,4277.0,59.0,4277.0,60.0,4277.0,60.0,4277.0,60.0,4277.0,60.0,4704.0,61.0,4704.0,61.0,4704.0,61.0,4704.0,61.0,4704.0,61.0,4704.0,61.0,4704.0,62.0,4704.0,62.0,4704.0,62.0,4705.0,62.0,4705.0,63.0,4705.0,63.0,4705.0,63.0,5131.0,63.0,5131.0,63.0,5131.0,64.0,5131.0,64.0,5132.0,64.0,5132.0,64.0,5132.0,64.0,5132.0,65.0,5132.0,66.0,5132.0,66.0,5132.0,66.0,5132.0,66.0,5132.0,67.0
113,60.0,3656.44,36.37,4704.0,55.0,4704.0,55.0,4704.0,55.0,4704.0,56.0,4704.0,56.0,4704.0,57.0,4704.0,57.0,4704.0,57.0,4704.0,57.0,5131.0,57.0,5132.0,58.0,5132.0,58.0,5132.0,58.0,5132.0,58.0,5132.0,58.0,5132.0,58.0,5132.0,58.0,5559.0,58.0,5559.0,58.0,5559.0,58.0,5560.0,59.0,5560.0,59.0,5560.0,59.0,5560.0,59.0,5560.0,59.0,5987.0,60.0,5987.0,60.0,5987.0,60.0,5987.0,60.0,5988.0,60.0,5988.0,60.0,5988.0,60.0,6414.0,61.0,6415.0,61.0,6415.0,61.0,6415.0,61.0,6415.0,61.0,6415.0,61.0,6415.0,62.0,6842.0,62.0,6842.0,62.0,6842.0,63.0,6842.0,63.0,6843.0,63.0,6843.0,63.0,6843.0,63.0,6843.0,63.0,7270.0,63.0,7270.0,63.0,7270.0,64.0,7270.0,65.0,7270.0,65.0,7270.0,65.0,7270.0,66.0,7270.0,66.0,7270.0,66.0,7697.0,66.0,7697.0,67.0,7698.0,67.0,7698.0,67.0
127,60.0,3451.16,36.25,4277.0,53.0,4277.0,53.0,4277.0,54.0,4277.0,54.0,4277.0,54.0,4277.0,54.0,4277.0,54.0,4704.0,54.0,4704.0,55.0,4704.0,55.0,4704.0,55.0,4704.0,56.0,4704.0,56.0,4704.0,56.0,4704.0,56.0,5132.0,56.0,5132.0,58.0,5132.0,58.0,5132.0,58.0,5132.0,58.0,5132.0,58.0,5132.0,58.0,5132.0,59.0,5559.0,60.0,5559.0,60.0,5559.0,60.0,5559.0,60.0,5559.0,61.0,5559.0,61.0,5559.0,61.0,5560.0,61.0,5560.0,61.0,5987.0,61.0,5987.0,62.0,5987.0,62.0,5987.0,62.0,5987.0,63.0,5988.0,63.0,6414.0,63.0,6414.0,63.0,6414.0,64.0,6414.0,64.0,6415.0,64.0,6415.0,64.0,6415.0,64.0,6415.0,64.0,6842.0,64.0,6842.0,65.0,6843.0,65.0,6843.0,65.0,6843.0,65.0,6843.0,65.0,7270.0,65.0,7270.0,65.0,7270.0,66.0,7270.0,66.0,7270.0,66.0,7270.0,66.0,7270.0,66.0,7271.0,66.0
131,60.0,3241.61,35.91,4277.0,54.0,4277.0,54.0,4277.0,54.0,4277.0,54.0,4704.0,54.0,4704.0,55.0,4704.0,55.0,4704.0,55.0,4704.0,55.0,4704.0,56.0,4704.0,56.0,4704.0,56.0,4704.0,56.0,4705.0,57.0,5131.0,57.0,5132.0,57.0,5132.0,58.0,5132.0,58.0,5132.0,58.0,5132.0,59.0,5132.0,60.0,5132.0,60.0,5132.0,60.0,5132.0,60.0,5132.0,60.0,5132.0,61.0,5132.0,61.0,5132.0,61.0,5559.0,61.0,5559.0,61.0,5559.0,61.0,5559.0,61.0,5559.0,61.0,5559.0,61.0,5559.0,61.0,5559.0,61.0,5559.0,61.0,5560.0,61.0,5560.0,61.0,5560.0,61.0,5560.0,61.0,5560.0,62.0,5987.0,62.0,5987.0,62.0,5987.0,62.0,5987.0,62.0,5987.0,62.0,5987.0,63.0,5987.0,63.0,5987.0,63.0,5987.0,63.0,5987.0,63.0,5988.0,63.0,5988.0,63.0,6414.0,64.0,6414.0,64.0,6415.0,64.0,6415.0,64.0,6415.0,64.0,6415.0,64.0
137,60.0,2972.18,35.44,3849.0,54.0,3849.0,54.0,3849.0,55.0,4276.0,55.0,4276.0,55.0,4276.0,55.0,4276.0,55.0,4276.0,55.0,4277.0,55.0,4277.0,55.0,4277.0,55.0,4277.0,55.0,4277.0,56.0,4704.0,56.0,4704.0,56.0,4704.0,56.0,4704.0,56.0,4704.0,56.0,4704.0,56.0,4704.0,56.0,4704.0,56.0,4704.0,57.0,4705.0,57.0,4705.0,57.0,5131.0,58.0,5131.0,58.0,5132.0,58.0,5132.0,58.0,5132.0,58.0,5132.0,59.0,5132.0,59.0,5132.0,59.0,5132.0,59.0,5132.0,59.0,5132.0,59.0,5132.0,59.0,5132.0,60.0,5132.0,60.0,5132.0,60.0,5132.0,61.0,5132.0,61.0,5132.0,61.0,5132.0,61.0,5132.0,62.0,5132.0,62.0,5559.0,63.0,5559.0,63.0,5559.0,63.0,5559.0,63.0,5559.0,63.0,5559.0,64.0,5559.0,64.0,5559.0,64.0,5559.0,64.0,5559.0,64.0,5560.0,64.0,5560.0,65.0,5560.0,65.0,5560.0,65.0,5560.0,66.0
139,60.0,2758.31,37.25,3849.0,54.0,3849.0,54.0,3849.0,54.0,3849.0,54.0,3849.0,54.0,3849.0,54.0,3849.0,55.0,3849.0,55.0,3849.0,55.0,3849.0,56.0,3849.0,57.0,3849.0,57.0,3849.0,58.0,3849.0,58.0,4276.0,58.0,4276.0,58.0,4276.0,58.0,4276.0,58.0,4276.0,58.0,4276.0,59.0,4276.0,60.0,4276.0,60.0,4277.0,60.0,4277.0,60.0,4277.0,60.0,4704.0,60.0,4704.0,60.0,4704.0,61.0,4704.0,62.0,4704.0,62.0,4704.0,63.0,4704.0,63.0,4704.0,63.0,4704.0,63.0,4704.0,64.0,4704.0,64.0,4704.0,64.0,4704.0,64.0,4705.0,64.0,4705.0,64.0,5131.0,65.0,5131.0,66.0,5131.0,66.0,5131.0,66.0,5132.0,66.0,5132.0,67.0,5132.0,67.0,5132.0,67.0,5132.0,68.0,5132.0,68.0,5132.0,68.0,5132.0,68.0,5132.0,68.0,5132.0,69.0,5132.0,70.0,5132.0,70.0,5559.0,70.0,5559.0,70.0,5559.0,70.0,5559.0,71.0
149,60.0,3357.07,35.73,4276.0,52.0,4276.0,52.0,4276.0,52.0,4276.0,52.0,4276.0,52.0,4277.0,53.0,4277.0,53.0,4277.0,53.0,4704.0,54.0,4704.0,54.0,4704.0,55.0,5131.0,55.0,5132.0,55.0,5132.0,55.0,5132.0,56.0,5132.0,57.0,5132.0,57.0,5559.0,57.0,5559.0,57.0,5559.0,57.0,5559.0,57.0,5560.0,58.0,5560.0,58.0,5560.0,58.0,5560.0,59.0,5560.0,59.0,5560.0,59.0,5560.0,59.0,5560.0,60.0,5987.0,60.0,5987.0,60.0,5987.0,60.0,5987.0,61.0,5987.0,61.0,5987.0,61.0,5987.0,61.0,5987.0,61.0,5987.0,61.0,5987.0,61.0,5987.0,61.0,5987.0,62.0,5987.0,63.0,5987.0,63.0,5987.0,64.0,5987.0,64.0,5987.0,64.0,5987.0,64.0,5988.0,64.0,5988.0,64.0,5988.0,65.0,6414.0,65.0,6414.0,65.0,6414.0,65.0,6415.0,65.0,6415.0,65.0,6415.0,65.0,6415.0,65.0,6415.0,66.0,6415.0,66.0,6415.0,66.0
151,60.0,2976.51,34.55,4276.0,50.0,4276.0,50.0,4276.0,51.0,4276.0,52.0,4276.0,52.0,4276.0,52.0,4277.0,52.0,4277.0,53.0,4277.0,53.0,4277.0,54.0,4277.0,54.0,4277.0,54.0,4277.0,54.0,4277.0,54.0,4277.0,55.0,4277.0,55.0,4704.0,55.0,4704.0,55.0,4704.0,55.0,4704.0,55.0,4704.0,55.0,4704.0,55.0,4704.0,55.0,4704.0,56.0,4704.0,56.0,4704.0,56.0,4704.0,57.0,4705.0,57.0,4705.0,57.0,4705.0,58.0,4705.0,58.0,4705.0,58.0,5131.0,58.0,5131.0,58.0,5132.0,58.0,5132.0,58.0,5132.0,58.0,5132.0,58.0,5132.0,59.0,5132.0,59.0,5132.0,59.0,5132.0,59.0,5132.0,60.0,5132.0,61.0,5132.0,61.0,5559.0,61.0,5559.0,61.0,5560.0,61.0,5560.0,61.0,5560.0,61.0,5560.0,61.0,5987.0,63.0,5987.0,64.0,5987.0,64.0,5987.0,64.0,5987.0,64.0,5987.0,65.0,5987.0,65.0,5987.0,65.0,5988.0,66.0
157,60.0,3061.96,36.03,3849.0,55.0,3849.0,56.0,3849.0,56.0,3849.0,56.0,3849.0,56.0,4276.0,56.0,4276.0,56.0,4276.0,56.0,4276.0,57.0,4276.0,57.0,4277.0,57.0,4277.0,57.0,4277.0,57.0,4704.0,57.0,4704.0,57.0,4704.0,57.0,4704.0,57.0,4704.0,57.0,4704.0,57.0,4705.0,57.0,5131.0,57.0,5132.0,58.0,5132.0,58.0,5132.0,58.0,5132.0,58.0,5132.0,58.0,5132.0,58.0,5132.0,58.0,5132.0,59.0,5132.0,60.0,5132.0,60.0,5132.0,60.0,5132.0,60.0,5132.0,60.0,5132.0,60.0,5132.0,60.0,5559.0,61.0,5559.0,61.0,5559.0,61.0,5559.0,61.0,5559.0,61.0,5559.0,61.0,5559.0,61.0,5559.0,62.0,5559.0,62.0,5559.0,64.0,5559.0,64.0,5560.0,64.0,5560.0,64.0,5560.0,64.0,5560.0,65.0,5987.0,65.0,5987.0,65.0,5987.0,66.0,5987.0,66.0,5987.0,66.0,5987.0,66.0,5987.0,66.0,5987.0,67.0,6415.0,67.0
163,60.0,3617.99,36.24,4705.0,56.0,4705.0,56.0,4705.0,56.0,4705.0,56.0,5131.0,57.0,5132.0,57.0,5132.0,57.0,5132.0,57.0,5132.0,57.0,5132.0,57.0,5559.0,57.0,5559.0,58.0,5559.0,58.0,5559.0,58.0,5560.0,58.0,5560.0,59.0,5560.0,59.0,5560.0,59.0,5560.0,59.0,5560.0,59.0,5560.0,59.0,5560.0,59.0,5560.0,59.0,5560.0,59.0,5987.0,59.0,5987.0,59.0,5987.0,60.0,5987.0,60.0,5987.0,60.0,5987.0,60.0,5987.0,61.0,5987.0,61.0,5987.0,61.0,5987.0,61.0,5987.0,61.0,5987.0,61.0,6414.0,61.0,6415.0,61.0,6415.0,61.0,6415.0,61.0,6415.0,61.0,6415.0,62.0,6415.0,62.0,6415.0,62.0,6415.0,62.0,6415.0,63.0,6415.0,63.0,6842.0,63.0,6842.0,63.0,6842.0,63.0,6842.0,63.0,6843.0,63.0,6843.0,64.0,7270.0,64.0,7270.0,64.0,7270.0,64.0,7270.0,65.0,7270.0,65.0,7270.0,67.0,7270.0,67.0
167,60.0,3972.92,35.3,5131.0,52.0,5132.0,53.0,5132.0,53.0,5132.0,54.0,5132.0,54.0,5132.0,54.0,5132.0,54.0,5132.0,54.0,5559.0,54.0,5559.0,54.0,5560.0,54.0,5560.0,54.0,5560.0,55.0,5560.0,55.0,5560.0,55.0,5987.0,55.0,5987.0,55.0,5987.0,55.0,5987.0,56.0,5987.0,56.0,5987.0,57.0,5987.0,57.0,5987.0,57.0,5987.0,58.0,5987.0,58.0,5988.0,58.0,5988.0,59.0,5988.0,59.0,5988.0,59.0,6414.0,60.0,6414.0,60.0,6415.0,60.0,6415.0,60.0,6415.0,60.0,6843.0,60.0,7270.0,60.0,7270.0,60.0,7270.0,60.0,7270.0,60.0,7270.0,60.0,7270.0,61.0,7270.0,61.0,7271.0,61.0,7697.0,61.0,7698.0,62.0,7698.0,62.0,7698.0,62.0,7698.0,62.0,7698.0,63.0,8125.0,63.0,8125.0,63.0,8125.0,64.0,8125.0,64.0,8125.0,64.0,8125.0,64.0,8125.0,64.0,8126.0,65.0,8126.0,65.0,8553.0,65.0,8553.0,66.0
173,60.0,3981.47,35.63,4704.0,53.0,4704.0,53.0,4704.0,54.0,4704.0,54.0,4704.0,55.0,4704.0,55.0,4705.0,55.0,5132.0,55.0,5132.0,56.0,5132.0,56.0,5132.0,56.0,5559.0,56.0,5559.0,56.0,5560.0,56.0,5560.0,56.0,5560.0,56.0,5560.0,57.0,5560.0,57.0,5987.0,57.0,5987.0,57.0,5987.0,58.0,6414.0,58.0,6415.0,58.0,6415.0,58.0,6415.0,58.0,6842.0,59.0,6842.0,59.0,6842.0,59.0,6842.0,59.0,6843.0,59.0,6843.0,59.0,6843.0,59.0,7270.0,59.0,7270.0,59.0,7270.0,59.0,7270.0,60.0,7270.0,60.0,7270.0,60.0,7270.0,60.0,7270.0,60.0,7270.0,60.0,7270.0,62.0,7270.0,62.0,7271.0,63.0,7271.0,63.0,7697.0,63.0,7697.0,63.0,7698.0,63.0,7698.0,63.0,7698.0,63.0,7698.0,64.0,7698.0,64.0,8125.0,64.0,8125.0,64.0,8125.0,64.0,8126.0,65.0,8126.0,65.0,8126.0,65.0,8553.0,66.0,8553.0,67.0
179,60.0,3049.15,36.07,4276.0,54.0,4276.0,54.0,4276.0,54.0,4276.0,55.0,4276.0,55.0,4277.0,55.0,4277.0,55.0,4277.0,56.0,4277.0,56.0,4277.0,56.0,4277.0,56.0,4704.0,57.0,4704.0,58.0,4704.0,58.0,4704.0,58.0,4704.0,58.0,4704.0,58.0,4704.0,58.0,4705.0,58.0,4705.0,58.0,5131.0,58.0,5131.0,59.0,5132.0,59.0,5132.0,59.0,5132.0,59.0,5132.0,59.0,5132.0,59.0,5132.0,59.0,5132.0,60.0,5132.0,60.0,5132.0,60.0,5132.0,60.0,5132.0,60.0,5132.0,61.0,5132.0,62.0,5132.0,62.0,5132.0,62.0,5132.0,62.0,5132.0,62.0,5132.0,62.0,5132.0,62.0,5132.0,62.0,5559.0,63.0,5559.0,63.0,5559.0,63.0,5559.0,63.0,5559.0,63.0,5559.0,63.0,5559.0,63.0,5559.0,63.0,5559.0,64.0,5560.0,64.0,5560.0,64.0,5560.0,64.0,5987.0,64.0,5987.0,65.0,5987.0,65.0,5987.0,66.0,5987.0,66.0,5987.0,66.0
181,60.0,3250.2,36.22,4276.0,54.0,4276.0,54.0,4276.0,54.0,4276.0,54.0,4277.0,54.0,4277.0,55.0,4277.0,55.0,4277.0,56.0,4704.0,56.0,4704.0,56.0,4704.0,57.0,4704.0,57.0,4704.0,57.0,4704.0,57.0,4704.0,57.0,5131.0,58.0,5132.0,58.0,5132.0,58.0,5132.0,58.0,5132.0,58.0,5132.0,58.0,5132.0,58.0,5132.0,58.0,5132.0,58.0,5559.0,58.0,5559.0,59.0,5559.0,60.0,5559.0,60.0,5559.0,61.0,5559.0,61.0,5559.0,61.0,5560.0,61.0,5560.0,61.0,5560.0,61.0,5560.0,61.0,5560.0,62.0,5560.0,62.0,5560.0,62.0,5560.0,62.0,5560.0,62.0,5560.0,62.0,5560.0,62.0,5987.0,63.0,5987.0,63.0,5987.0,63.0,5987.0,63.0,5987.0,64.0,5987.0,64.0,5988.0,65.0,5988.0,65.0,5988.0,65.0,6414.0,65.0,6415.0,65.0,6415.0,66.0,6415.0,66.0,6415.0,66.0,6415.0,66.0,6415.0,66.0,6415.0,67.0,6415.0,67.0
191,60.0,2997.88,35.44,3849.0,53.0,4276.0,53.0,4276.0,53.0,4276.0,54.0,4276.0,54.0,4276.0,55.0,4277.0,55.0,4277.0,55.0,4277.0,55.0,4704.0,55.0,4704.0,56.0,4704.0,56.0,4704.0,56.0,4704.0,56.0,4704.0,56.0,4704.0,56.0,4704.0,56.0,4704.0,57.0,4704.0,57.0,4704.0,57.0,4704.0,57.0,4705.0,57.0,4705.0,57.0,4705.0,58.0,4705.0,58.0,4705.0,59.0,5131.0,59.0,5131.0,59.0,5132.0,59.0,5132.0,59.0,5132.0,60.0,5132.0,60.0,5132.0,60.0,5132.0,60.0,5132.0,60.0,5132.0,61.0,5132.0,61.0,5132.0,61.0,5132.0,61.0,5132.0,61.0,5132.0,61.0,5132.0,61.0,5132.0,61.0,5132.0,61.0,5559.0,62.0,5559.0,62.0,5559.0,62.0,5559.0,62.0,5559.0,62.0,5559.0,62.0,5560.0,62.0,5560.0,63.0,5560.0,63.0,5560.0,63.0,5560.0,63.0,5560.0,64.0,5560.0,64.0,5560.0,64.0,5560.0,65.0,5987.0,65.0
193,60.0,3040.57,35.76,3849.0,53.0,3849.0,53.0,4276.0,54.0,4276.0,54.0,4276.0,55.0,4276.0,55.0,4276.0,55.0,4276.0,55.0,4276.0,55.0,4277.0,55.0,4277.0,55.0,4277.0,56.0,4277.0,56.0,4704.0,56.0,4704.0,56.0,4704.0,56.0,4704.0,56.0,4704.0,57.0,4704.0,57.0,4704.0,57.0,4704.0,57.0,4704.0,57.0,4704.0,58.0,4705.0,58.0,4705.0,58.0,4705.0,59.0,5131.0,59.0,5131.0,59.0,5131.0,59.0,5132.0,59.0,5132.0,59.0,5132.0,59.0,5132.0,59.0,5132.0,60.0,5132.0,60.0,5132.0,61.0,5132.0,61.0,5132.0,61.0,5132.0,61.0,5132.0,61.0,5132.0,62.0,5559.0,62.0,5559.0,62.0,5559.0,62.0,5559.0,63.0,5560.0,63.0,5560.0,64.0,5560.0,64.0,5560.0,64.0,5987.0,64.0,5987.0,64.0,5987.0,64.0,5987.0,64.0,5987.0,64.0,5987.0,65.0,5987.0,66.0,5987.0,67.0,5987.0,67.0,6414.0,67.0,6414.0,67.0
197,60.0,3378.43,35.46,4276.0,53.0,4276.0,53.0,4277.0,53.0,4277.0,53.0,4277.0,54.0,4704.0,54.0,4704.0,54.0,4704.0,54.0,4704.0,55.0,4704.0,55.0,5131.0,55.0,5131.0,55.0,5132.0,55.0,5132.0,55.0,5132.0,55.0,5132.0,56.0,5132.0,56.0,5132.0,56.0,5132.0,56.0,5132.0,57.0,5559.0,57.0,5559.0,57.0,5559.0,57.0,5559.0,57.0,5559.0,58.0,5559.0,58.0,5559.0,58.0,5560.0,58.0,5560.0,58.0,5560.0,59.0,5560.0,59.0,5560.0,59.0,5560.0,60.0,5560.0,60.0,5987.0,60.0,5987.0,60.0,5987.0,60.0,5987.0,60.0,5987.0,61.0,5987.0,61.0,5987.0,61.0,5987.0,62.0,5987.0,62.0,5987.0,62.0,5987.0,62.0,5987.0,62.0,5987.0,62.0,5988.0,62.0,6414.0,63.0,6414.0,63.0,6415.0,64.0,6415.0,64.0,6415.0,65.0,6842.0,65.0,6842.0,66.0,6842.0,66.0,6842.0,66.0,6843.0,66.0,6843.0,66.0,6843.0,66.0
199,60.0,3425.52,36.22,4704.0,55.0,4704.0,55.0,4704.0,55.0,4705.0,55.0,5131.0,55.0,5132.0,55.0,5132.0,56.0,5132.0,56.0,5132.0,56.0,5132.0,56.0,5132.0,56.0,5132.0,56.0,5132.0,57.0,5132.0,57.0,5132.0,57.0,5132.0,57.0,5132.0,57.0,5132.0,58.0,5132.0,58.0,5132.0,59.0,5559.0,59.0,5559.0,59.0,5559.0,59.0,5559.0,59.0,5559.0,59.0,5560.0,60.0,5560.0,60.0,5560.0,60.0,5560.0,61.0,5987.0,61.0,5987.0,61.0,5987.0,61.0,5987.0,61.0,5987.0,61.0,5987.0,61.0,5987.0,62.0,5987.0,62.0,5987.0,62.0,5987.0,62.0,5987.0,62.0,5987.0,63.0,5987.0,63.0,5987.0,63.0,5987.0,63.0,5988.0,63.0,5988.0,63.0,5988.0,63.0,6414.0,63.0,6414.0,64.0,6415.0,64.0,6415.0,64.0,6415.0,65.0,6415.0,65.0,6415.0,65.0,6415.0,65.0,6415.0,65.0,6415.0,65.0,6415.0,66.0,6415.0,66.0,6842.0,66.0
211,60.0,3318.53,35.26,4704.0,54.0,4704.0,54.0,4704.0,54.0,4704.0,54.0,4704.0,54.0,4704.0,54.0,5131.0,54.0,5132.0,54.0,5132.0,54.0,5132.0,55.0,5132.0,55.0,5132.0,55.0,5132.0,55.0,5132.0,55.0,5132.0,55.0,5132.0,55.0,5132.0,55.0,5132.0,56.0,5132.0,56.0,5132.0,56.0,5559.0,56.0,5559.0,56.0,5559.0,57.0,5559.0,57.0,5559.0,57.0,5559.0,57.0,5559.0,57.0,5559.0,57.0,5559.0,58.0,5559.0,58.0,5559.0,58.0,5559.0,59.0,5559.0,59.0,5559.0,60.0,5559.0,60.0,5559.0,60.0,5559.0,61.0,5559.0,61.0,5560.0,61.0,5560.0,62.0,5560.0,62.0,5560.0,62.0,5560.0,62.0,5560.0,62.0,5987.0,62.0,5987.0,62.0,5987.0,63.0,5987.0,63.0,5987.0,63.0,5987.0,63.0,5987.0,63.0,5987.0,63.0,5987.0,63.0,5988.0,63.0,6414.0,63.0,6415.0,63.0,6415.0,64.0,6415.0,65.0,6415.0,65.0,6415.0,65.0
223,60.0,3981.42,35.46,5559.0,53.0,5559.0,53.0,5559.0,54.0,5559.0,54.0,5559.0,55.0,5560.0,55.0,5560.0,55.0,5560.0,55.0,5560.0,55.0,5560.0,55.0,5987.0,55.0,5987.0,56.0,5987.0,56.0,5987.0,56.0,5987.0,56.0,6414.0,56.0,6414.0,56.0,6414.0,56.0,6414.0,56.0,6415.0,57.0,6415.0,57.0,6415.0,57.0,6415.0,57.0,6415.0,57.0,6415.0,58.0,6415.0,58.0,6415.0,58.0,6415.0,59.0,6415.0,59.0,6842.0,59.0,6842.0,59.0,6842.0,59.0,6842.0,59.0,6842.0,59.0,6842.0,60.0,6842.0,61.0,6842.0,61.0,6842.0,61.0,6843.0,61.0,6843.0,62.0,6843.0,62.0,6843.0,62.0,7270.0,62.0,7270.0,62.0,7270.0,62.0,7270.0,62.0,7270.0,62.0,7270.0,63.0,7270.0,63.0,7270.0,63.0,7270.0,63.0,7270.0,63.0,7271.0,63.0,7697.0,63.0,7698.0,64.0,7698.0,64.0,7698.0,64.0,7698.0,64.0,7698.0,65.0,7698.0,65.0
227,60.0,3712.06,36.76,5132.0,51.0,5132.0,53.0,5132.0,53.0,5132.0,54.0,5132.0,54.0,5559.0,54.0,5559.0,55.0,5559.0,55.0,5559.0,55.0,5560.0,55.0,5560.0,56.0,5560.0,57.0,5560.0,57.0,5560.0,57.0,5987.0,57.0,5987.0,58.0,5987.0,58.0,5987.0,58.0,5987.0,59.0,5987.0,59.0,5987.0,59.0,5987.0,59.0,5987.0,59.0,5987.0,59.0,5987.0,60.0,5987.0,60.0,5987.0,60.0,5987.0,60.0,5987.0,61.0,5987.0,61.0,5988.0,61.0,5988.0,62.0,6414.0,62.0,6414.0,62.0,6415.0,62.0,6415.0,62.0,6415.0,63.0,6415.0,63.0,6415.0,63.0,6415.0,63.0,6415.0,64.0,6415.0,64.0,6415.0,65.0,6415.0,65.0,6415.0,65.0,6415.0,66.0,6842.0,66.0,6842.0,66.0,6842.0,67.0,6843.0,67.0,6843.0,67.0,6843.0,68.0,6843.0,68.0,6843.0,68.0,6843.0,68.0,7270.0,68.0,7270.0,69.0,7270.0,69.0,7270.0,70.0,7270.0,70.0
229,60.0,3639.43,34.87,4277.0,51.0,4277.0,52.0,4277.0,52.0,4277.0,52.0,4277.0,53.0,5132.0,53.0,5132.0,53.0,5132.0,53.0,5132.0,54.0,5132.0,54.0,5132.0,54.0,5132.0,54.0,5559.0,54.0,5559.0,54.0,5560.0,55.0,5560.0,55.0,5560.0,55.0,5560.0,55.0,5560.0,56.0,5560.0,56.0,5560.0,56.0,5560.0,57.0,5987.0,57.0,5987.0,57.0,5987.0,57.0,5987.0,57.0,5987.0,58.0,5987.0,58.0,5988.0,58.0,6414.0,58.0,6415.0,58.0,6415.0,59.0,6415.0,59.0,6415.0,59.0,6415.0,59.0,6415.0,59.0,6415.0,59.0,6415.0,60.0,6415.0,60.0,6415.0,61.0,6415.0,61.0,6415.0,61.0,6415.0,61.0,6842.0,61.0,6842.0,61.0,6842.0,61.0,6843.0,61.0,6843.0,62.0,6843.0,62.0,6843.0,62.0,6843.0,62.0,6843.0,62.0,6843.0,63.0,7270.0,63.0,7270.0,63.0,7270.0,64.0,7270.0,64.0,7270.0,64.0,7270.0,64.0,7270.0,64.0
233,60.0,3840.25,35.84,5131.0,54.0,5132.0,55.0,5132.0,55.0,5132.0,55.0,5132.0,55.0,5132.0,55.0,5132.0,55.0,5559.0,56.0,5559.0,56.0,5559.0,56.0,5559.0,56.0,5559.0,57.0,5560.0,57.0,5987.0,57.0,5987.0,57.0,5987.0,57.0,5987.0,57.0,5987.0,57.0,5987.0,57.0,5987.0,58.0,5987.0,58.0,5987.0,58.0,5987.0,58.0,5987.0,59.0,5987.0,59.0,5987.0,59.0,5988.0,59.0,6414.0,60.0,6414.0,60.0,6414.0,60.0,6414.0,60.0,6415.0,60.0,6415.0,60.0,6415.0,60.0,6415.0,61.0,6415.0,61.0,6415.0,61.0,6842.0,61.0,6842.0,61.0,6842.0,61.0,6842.0,61.0,6843.0,62.0,6843.0,62.0,6843.0,62.0,6843.0,63.0,7270.0,63.0,7270.0,63.0,7270.0,63.0,7270.0,63.0,7270.0,64.0,7270.0,64.0,7270.0,64.0,7271.0,64.0,7697.0,64.0,7697.0,64.0,7697.0,64.0,7697.0,64.0,7697.0,64.0,7698.0,64.0,7698.0,64.0
239,60.0,4871.0,35.4,6843.0,52.0,7270.0,52.0,7270.0,52.0,7270.0,52.0,7270.0,53.0,7270.0,53.0,7270.0,53.0,7270.0,53.0,7270.0,54.0,7270.0,54.0,7271.0,55.0,7697.0,55.0,7698.0,55.0,7698.0,55.0,7698.0,56.0,7698.0,56.0,7698.0,56.0,7698.0,57.0,7698.0,57.0,7698.0,57.0,7698.0,57.0,7698.0,57.0,7698.0,58.0,7698.0,58.0,7698.0,58.0,7698.0,58.0,7698.0,58.0,7698.0,59.0,8125.0,59.0,8125.0,59.0,8125.0,59.0,8125.0,59.0,8125.0,59.0,8126.0,60.0,8126.0,60.0,8126.0,60.0,8126.0,60.0,8126.0,61.0,8553.0,61.0,8553.0,61.0,8553.0,61.0,8553.0,61.0,8553.0,61.0,8553.0,61.0,8553.0,62.0,8553.0,62.0,8553.0,63.0,8553.0,63.0,8980.0,63.0,8981.0,64.0,8981.0,64.0,8981.0,64.0,8981.0,64.0,8981.0,65.0,8981.0,65.0,9408.0,65.0,9408.0,66.0,9408.0,66.0,9408.0,66.0,9408.0,66.0
241,60.0,4126.86,35.86,5987.0,54.0,5987.0,54.0,5987.0,55.0,5987.0,55.0,5987.0,55.0,5987.0,55.0,5987.0,55.0,5987.0,56.0,5987.0,56.0,5988.0,56.0,5988.0,56.0,5988.0,56.0,6414.0,56.0,6415.0,56.0,6415.0,57.0,6415.0,57.0,6415.0,57.0,6415.0,57.0,6415.0,57.0,6842.0,57.0,6842.0,57.0,6842.0,57.0,6842.0,57.0,6842.0,58.0,6842.0,58.0,6842.0,58.0,6842.0,59.0,6842.0,59.0,6842.0,59.0,6842.0,59.0,6842.0,60.0,6842.0,60.0,6842.0,60.0,6843.0,60.0,6843.0,60.0,6843.0,61.0,6843.0,61.0,6843.0,61.0,7270.0,61.0,7270.0,61.0,7270.0,61.0,7270.0,62.0,7270.0,62.0,7270.0,63.0,7270.0,63.0,7270.0,63.0,7698.0,63.0,7698.0,63.0,7698.0,63.0,7698.0,64.0,7698.0,65.0,7698.0,65.0,7698.0,65.0,7698.0,65.0,7698.0,66.0,7698.0,66.0,7698.0,66.0,7698.0,66.0,7698.0,66.0,7698.0,66.0
251,60.0,3754.8,37.12,5559.0,55.0,5559.0,55.0,5559.0,55.0,5559.0,56.0,5559.0,56.0,5560.0,57.0,5560.0,57.0,5560.0,57.0,5560.0,57.0,5560.0,57.0,5560.0,58.0,5560.0,58.0,5560.0,59.0,5987.0,59.0,5987.0,59.0,5987.0,60.0,5987.0,60.0,5987.0,60.0,5987.0,60.0,5987.0,60.0,5987.0,60.0,5987.0,60.0,5987.0,60.0,5987.0,60.0,5987.0,60.0,5987.0,60.0,5987.0,61.0,5988.0,62.0,5988.0,62.0,6414.0,62.0,6414.0,63.0,6414.0,63.0,6415.0,63.0,6415.0,63.0,6415.0,63.0,6415.0,63.0,6415.0,63.0,6415.0,64.0,6415.0,64.0,6415.0,64.0,6415.0,64.0,6415.0,64.0,6415.0,64.0,6415.0,65.0,6415.0,65.0,6842.0,65.0,6842.0,65.0,6842.0,65.0,6842.0,66.0,6842.0,66.0,6842.0,66.0,6843.0,66.0,6843.0,66.0,6843.0,66.0,6843.0,67.0,7270.0,67.0,7270.0,67.0,7270.0,67.0,7270.0,68.0,7270.0,68.0
257,60.0,4725.58,35.76,6842.0,51.0,6843.0,51.0,6843.0,51.0,7270.0,52.0,7270.0,53.0,7270.0,54.0,7270.0,55.0,7270.0,55.0,7270.0,56.0,7270.0,56.0,7270.0,56.0,7270.0,56.0,7270.0,56.0,7270.0,57.0,7271.0,57.0,7271.0,57.0,7271.0,57.0,7271.0,57.0,7271.0,58.0,7697.0,58.0,7697.0,58.0,7697.0,58.0,7698.0,59.0,7698.0,59.0,7698.0,59.0,7698.0,59.0,7698.0,59.0,7698.0,59.0,7698.0,59.0,7698.0,60.0,7698.0,61.0,7698.0,61.0,8125.0,61.0,8125.0,61.0,8125.0,61.0,8125.0,61.0,8125.0,61.0,8125.0,61.0,8125.0,61.0,8126.0,61.0,8126.0,61.0,8126.0,62.0,8126.0,62.0,8126.0,62.0,8553.0,62.0,8553.0,62.0,8553.0,62.0,8553.0,62.0,8553.0,62.0,8553.0,62.0,8553.0,63.0,8553.0,64.0,8553.0,65.0,8553.0,65.0,8553.0,65.0,8553.0,66.0,8553.0,66.0,8980.0,67.0,8980.0,67.0,8980.0,67.0
263,60.0,4139.63,36.49,5132.0,53.0,5559.0,53.0,5559.0,54.0,5560.0,54.0,5560.0,55.0,5560.0,55.0,5987.0,55.0,5987.0,55.0,5987.0,55.0,5987.0,55.0,6414.0,56.0,6414.0,56.0,6415.0,56.0,6415.0,57.0,6415.0,57.0,6415.0,57.0,6415.0,57.0,6415.0,57.0,6415.0,58.0,6415.0,58.0,6842.0,58.0,6842.0,59.0,6842.0,59.0,6842.0,59.0,6842.0,60.0,6842.0,60.0,6842.0,61.0,6842.0,61.0,6842.0,61.0,6843.0,62.0,6843.0,62.0,6843.0,62.0,6843.0,62.0,7270.0,62.0,7270.0,62.0,7270.0,63.0,7270.0,63.0,7270.0,63.0,7270.0,64.0,7270.0,64.0,7270.0,64.0,7270.0,64.0,7270.0,64.0,7270.0,64.0,7270.0,64.0,7270.0,65.0,7270.0,65.0,7697.0,65.0,7697.0,65.0,7698.0,65.0,7698.0,65.0,7698.0,66.0,7698.0,66.0,7698.0,66.0,7698.0,66.0,8125.0,67.0,8125.0,67.0,8125.0,67.0,8125.0,67.0,8125.0,67.0
269,60.0,4058.46,35.79,5132.0,54.0,5132.0,54.0,5132.0,54.0,5132.0,54.0,5132.0,54.0,5559.0,54.0,5559.0,55.0,5560.0,55.0,5560.0,56.0,5987.0,56.0,5987.0,56.0,5987.0,56.0,5987.0,56.0,5987.0,56.0,5987.0,57.0,5987.0,57.0,5987.0,57.0,6415.0,57.0,6415.0,57.0,6415.0,57.0,6415.0,57.0,6415.0,57.0,6415.0,57.0,6842.0,58.0,6842.0,58.0,6842.0,58.0,6842.0,59.0,6843.0,59.0,6843.0,59.0,6843.0,59.0,6843.0,59.0,6843.0,60.0,6843.0,60.0,6843.0,60.0,6843.0,60.0,6843.0,60.0,6843.0,60.0,6843.0,61.0,7270.0,61.0,7270.0,62.0,7270.0,62.0,7270.0,62.0,7270.0,62.0,7270.0,63.0,7271.0,63.0,7697.0,63.0,7697.0,64.0,7698.0,64.0,7698.0,64.0,7698.0,64.0,7698.0,64.0,7698.0,64.0,7698.0,64.0,7698.0,65.0,8125.0,65.0,8125.0,66.0,8125.0,66.0,8125.0,66.0,8125.0,66.0,8125.0,66.0
271,60.0,5183.09,35.45,7270.0,53.0,7270.0,53.0,7270.0,53.0,7270.0,53.0,7270.0,54.0,7270.0,54.0,7697.0,54.0,7697.0,54.0,7697.0,55.0,7697.0,55.0,7697.0,55.0,7698.0,55.0,7698.0,55.0,7698.0,55.0,8125.0,55.0,8125.0,55.0,8125.0,55.0,8125.0,55.0,8125.0,56.0,8125.0,56.0,8125.0,56.0,8125.0,56.0,8126.0,56.0,8126.0,56.0,8126.0,57.0,8126.0,58.0,8126.0,58.0,8553.0,58.0,8553.0,58.0,8553.0,58.0,8553.0,59.0,8553.0,59.0,8553.0,59.0,8553.0,59.0,8980.0,59.0,8980.0,60.0,8980.0,60.0,8981.0,60.0,8981.0,60.0,8981.0,60.0,8981.0,60.0,8981.0,61.0,9408.0,61.0,9408.0,61.0,9408.0,63.0,9408.0,63.0,9409.0,64.0,9409.0,65.0,9409.0,65.0,9836.0,65.0,9836.0,65.0,9836.0,66.0,9836.0,66.0,9836.0,66.0,9836.0,66.0,9836.0,66.0,10263.0,66.0,10263.0,66.0,10263.0,67.0,10264.0,67.0
277,60.0,4169.58,36.46,4704.0,53.0,4705.0,53.0,5132.0,53.0,5132.0,54.0,5559.0,55.0,5559.0,55.0,5559.0,56.0,5559.0,56.0,5987.0,56.0,5987.0,56.0,5987.0,56.0,5987.0,56.0,5987.0,56.0,5987.0,57.0,5987.0,57.0,5987.0,57.0,6414.0,57.0,6414.0,57.0,6415.0,58.0,6415.0,58.0,6415.0,58.0,6415.0,58.0,6415.0,58.0,6415.0,59.0,6842.0,59.0,6842.0,60.0,6843.0,60.0,7270.0,61.0,7270.0,61.0,7270.0,62.0,7270.0,62.0,7270.0,62.0,7270.0,62.0,7270.0,62.0,7270.0,62.0,7270.0,62.0,7697.0,62.0,7697.0,63.0,7697.0,63.0,7697.0,63.0,7698.0,63.0,7698.0,63.0,7698.0,63.0,7698.0,63.0,7698.0,65.0,7698.0,65.0,7698.0,65.0,7698.0,65.0,7698.0,65.0,7698.0,65.0,8125.0,65.0,8125.0,66.0,8125.0,67.0,8125.0,67.0,8126.0,67.0,8126.0,67.0,8126.0,67.0,8126.0,67.0,8553.0,68.0,8553.0,68.0
281,60.0,4297.93,36.41,5987.0,54.0,5987.0,54.0,5987.0,54.0,6414.0,54.0,6414.0,54.0,6415.0,55.0,6415.0,56.0,6415.0,56.0,6415.0,56.0,6415.0,56.0,6415.0,56.0,6842.0,57.0,6842.0,57.0,6842.0,57.0,6842.0,57.0,6842.0,57.0,6842.0,57.0,6842.0,58.0,6842.0,58.0,6842.0,58.0,6843.0,58.0,6843.0,59.0,6843.0,59.0,6843.0,59.0,6843.0,59.0,6843.0,59.0,6843.0,60.0,6843.0,60.0,6843.0,60.0,7270.0,60.0,7270.0,61.0,7270.0,61.0,7270.0,61.0,7270.0,62.0,7270.0,62.0,7270.0,62.0,7270.0,62.0,7270.0,62.0,7271.0,62.0,7271.0,62.0,7271.0,63.0,7697.0,63.0,7697.0,64.0,7697.0,64.0,7697.0,64.0,7698.0,64.0,7698.0,64.0,7698.0,64.0,7698.0,66.0,7698.0,66.0,7698.0,66.0,7698.0,66.0,7698.0,66.0,8125.0,67.0,8125.0,67.0,8126.0,67.0,8126.0,67.0,8126.0,67.0,8553.0,67.0,8553.0,68.0
283,60.0,4639.99,35.85,5987.0,54.0,5987.0,54.0,5987.0,55.0,5987.0,55.0,6415.0,55.0,6415.0,56.0,6842.0,56.0,6842.0,56.0,6842.0,56.0,6842.0,56.0,6842.0,56.0,6843.0,56.0,7270.0,56.0,7270.0,56.0,7270.0,57.0,7270.0,57.0,7270.0,57.0,7270.0,57.0,7270.0,57.0,7270.0,58.0,7270.0,58.0,7270.0,58.0,7270.0,59.0,7697.0,59.0,7697.0,59.0,7698.0,59.0,7698.0,59.0,7698.0,59.0,7698.0,59.0,7698.0,59.0,7698.0,59.0,7698.0,59.0,7698.0,60.0,7698.0,60.0,8125.0,60.0,8125.0,60.0,8125.0,60.0,8125.0,60.0,8126.0,60.0,8126.0,61.0,8126.0,61.0,8126.0,61.0,8553.0,62.0,8553.0,62.0,8553.0,62.0,8553.0,62.0,8553.0,62.0,8553.0,62.0,8553.0,62.0,8553.0,62.0,8553.0,64.0,8553.0,64.0,8553.0,64.0,8553.0,66.0,8980.0,67.0,8980.0,67.0,8980.0,67.0,8980.0,67.0,8981.0,67.0,8981.0,67.0
293,60.0,3883.06,35.72,5131.0,54.0,5131.0,54.0,5132.0,54.0,5132.0,54.0,5559.0,54.0,5559.0,54.0,5560.0,54.0,5560.0,55.0,5987.0,55.0,5987.0,56.0,5987.0,56.0,5987.0,57.0,5987.0,57.0,5987.0,57.0,5987.0,57.0,5987.0,57.0,5987.0,57.0,5987.0,57.0,5988.0,58.0,5988.0,58.0,5988.0,58.0,6414.0,58.0,6414.0,58.0,6414.0,58.0,6415.0,59.0,6415.0,59.0,6415.0,59.0,6415.0,59.0,6415.0,59.0,6415.0,59.0,6415.0,59.0,6415.0,59.0,6415.0,59.0,6842.0,60.0,6842.0,60.0,6842.0,60.0,6842.0,60.0,6842.0,61.0,6842.0,61.0,6842.0,61.0,6842.0,62.0,6842.0,62.0,6842.0,62.0,6843.0,62.0,6843.0,62.0,6843.0,62.0,6843.0,63.0,6843.0,63.0,6843.0,63.0,7270.0,63.0,7270.0,63.0,7270.0,64.0,7270.0,64.0,7270.0,64.0,7270.0,64.0,7270.0,64.0,7270.0,65.0,7697.0,66.0,7698.0,66.0,7698.0,67.0
